id,job_id,process,time,weight
Op_J1_S1,J1,"M1,M2,M3,M4,M5","23,35,95,88,59",96.0
Op_J2_S1,J2,"M1,M2,M3,M4,M5","79,38,87,32,33",16.0
Op_J3_S1,J3,"M1,M2,M3,M4,M5","40,84,48,93,46",7.0
Op_J4_S1,J4,"M1,M2,M3,M4,M5","38,52,70,43,11",55.0
Op_J5_S1,J5,"M1,M2,M3,M4,M5","89,80,43,92,10",65.0
Op_J6_S1,J6,"M1,M2,M3,M4,M5","72,84,87,13,16",2.0
Op_J7_S1,J7,"M1,M2,M3,M4,M5","31,69,37,47,34",39.0
Op_J8_S1,J8,"M1,M2,M3,M4,M5","27,13,55,32,56",2.0
Op_J9_S1,J9,"M1,M2,M3,M4,M5","82,35,85,48,51",12.0
Op_J10_S1,J10,"M1,M2,M3,M4,M5","19,58,35,35,35",74.0
Op_J11_S1,J11,"M1,M2,M3,M4,M5","40,83,40,15,21",48.0
Op_J12_S1,J12,"M1,M2,M3,M4,M5","98,89,30,18,37",97.0
Op_J13_S1,J13,"M1,M2,M3,M4,M5","79,50,30,62,12",86.0
Op_J14_S1,J14,"M1,M2,M3,M4,M5","78,75,28,83,59",100.0
Op_J15_S1,J15,"M1,M2,M3,M4,M5","13,57,22,59,32",69.0
Op_J16_S1,J16,"M1,M2,M3,M4,M5","61,11,12,65,72",12.0
Op_J17_S1,J17,"M1,M2,M3,M4,M5","44,33,21,34,77",79.0
Op_J18_S1,J18,"M1,M2,M3,M4,M5","24,77,25,25,41",1.0
Op_J19_S1,J19,"M1,M2,M3,M4,M5","36,24,64,66,91",26.0
Op_J20_S1,J20,"M1,M2,M3,M4,M5","90,29,45,82,79",53.0
Op_J21_S1,J21,"M1,M2,M3,M4,M5","55,34,82,33,46",8.0
Op_J22_S1,J22,"M1,M2,M3,M4,M5","77,65,62,14,24",22.0
Op_J23_S1,J23,"M1,M2,M3,M4,M5","61,12,73,41,81",47.0
Op_J24_S1,J24,"M1,M2,M3,M4,M5","24,69,43,98,70",82.0
Op_J25_S1,J25,"M1,M2,M3,M4,M5","18,79,55,81,23",97.0
Op_J26_S1,J26,"M1,M2,M3,M4,M5","22,66,81,51,23",11.0
Op_J27_S1,J27,"M1,M2,M3,M4,M5","17,67,94,82,17",44.0
Op_J28_S1,J28,"M1,M2,M3,M4,M5","38,75,78,65,30",23.0
Op_J29_S1,J29,"M1,M2,M3,M4,M5","61,12,58,43,13",34.0
Op_J30_S1,J30,"M1,M2,M3,M4,M5","75,92,37,47,28",58.0
Op_J31_S1,J31,"M1,M2,M3,M4,M5","26,61,37,53,34",99.0
Op_J32_S1,J32,"M1,M2,M3,M4,M5","72,35,87,31,55",39.0
Op_J33_S1,J33,"M1,M2,M3,M4,M5","45,78,81,69,99",17.0
Op_J34_S1,J34,"M1,M2,M3,M4,M5","38,78,19,19,93",52.0
Op_J35_S1,J35,"M1,M2,M3,M4,M5","26,69,65,84,77",82.0
Op_J36_S1,J36,"M1,M2,M3,M4,M5","27,73,39,59,52",56.0
Op_J37_S1,J37,"M1,M2,M3,M4,M5","28,63,17,60,72",95.0
Op_J38_S1,J38,"M1,M2,M3,M4,M5","60,63,94,74,92",15.0
Op_J39_S1,J39,"M1,M2,M3,M4,M5","86,62,72,27,91",17.0
Op_J40_S1,J40,"M1,M2,M3,M4,M5","78,34,65,90,33",77.0
Op_J41_S1,J41,"M1,M2,M3,M4,M5","96,66,38,80,38",44.0
Op_J42_S1,J42,"M1,M2,M3,M4,M5","86,83,54,37,21",1.0
Op_J43_S1,J43,"M1,M2,M3,M4,M5","40,84,49,89,25",37.0
Op_J44_S1,J44,"M1,M2,M3,M4,M5","71,52,87,74,77",81.0
Op_J45_S1,J45,"M1,M2,M3,M4,M5","40,16,47,99,36",2.0
Op_J46_S1,J46,"M1,M2,M3,M4,M5","37,41,85,50,68",76.0
Op_J47_S1,J47,"M1,M2,M3,M4,M5","91,47,62,59,51",49.0
Op_J48_S1,J48,"M1,M2,M3,M4,M5","30,93,98,26,48",16.0
Op_J49_S1,J49,"M1,M2,M3,M4,M5","25,72,90,62,43",39.0
Op_J50_S1,J50,"M1,M2,M3,M4,M5","41,34,68,96,84",89.0
Op_J51_S1,J51,"M1,M2,M3,M4,M5","39,74,90,65,44",45.0
Op_J52_S1,J52,"M1,M2,M3,M4,M5","46,14,13,42,59",85.0
Op_J53_S1,J53,"M1,M2,M3,M4,M5","74,41,48,42,73",18.0
Op_J54_S1,J54,"M1,M2,M3,M4,M5","78,74,86,96,33",86.0
Op_J55_S1,J55,"M1,M2,M3,M4,M5","85,89,73,55,35",18.0
Op_J56_S1,J56,"M1,M2,M3,M4,M5","88,25,83,24,79",14.0
Op_J57_S1,J57,"M1,M2,M3,M4,M5","39,55,67,12,36",26.0
Op_J58_S1,J58,"M1,M2,M3,M4,M5","79,15,52,66,77",28.0
Op_J59_S1,J59,"M1,M2,M3,M4,M5","17,19,47,27,77",15.0
Op_J60_S1,J60,"M1,M2,M3,M4,M5","82,98,81,96,99",33.0
Op_J61_S1,J61,"M1,M2,M3,M4,M5","70,55,45,28,17",83.0
Op_J62_S1,J62,"M1,M2,M3,M4,M5","16,82,31,76,86",62.0
Op_J63_S1,J63,"M1,M2,M3,M4,M5","79,56,40,72,57",8.0
Op_J64_S1,J64,"M1,M2,M3,M4,M5","20,97,55,53,20",34.0
Op_J65_S1,J65,"M1,M2,M3,M4,M5","78,34,84,32,87",91.0
Op_J66_S1,J66,"M1,M2,M3,M4,M5","24,83,30,89,21",83.0
Op_J67_S1,J67,"M1,M2,M3,M4,M5","23,64,22,72,93",45.0
Op_J68_S1,J68,"M1,M2,M3,M4,M5","88,45,62,66,79",45.0
Op_J69_S1,J69,"M1,M2,M3,M4,M5","65,78,43,35,75",49.0
Op_J70_S1,J70,"M1,M2,M3,M4,M5","83,74,28,61,70",62.0
Op_J71_S1,J71,"M1,M2,M3,M4,M5","82,63,53,57,100",24.0
Op_J72_S1,J72,"M1,M2,M3,M4,M5","14,46,71,16,51",27.0
Op_J73_S1,J73,"M1,M2,M3,M4,M5","85,89,30,58,43",39.0
Op_J74_S1,J74,"M1,M2,M3,M4,M5","21,77,50,47,97",71.0
Op_J75_S1,J75,"M1,M2,M3,M4,M5","30,28,68,82,58",7.0
Op_J76_S1,J76,"M1,M2,M3,M4,M5","99,42,41,41,47",14.0
Op_J77_S1,J77,"M1,M2,M3,M4,M5","10,68,22,90,24",100.0
Op_J78_S1,J78,"M1,M2,M3,M4,M5","22,75,83,28,84",78.0
Op_J79_S1,J79,"M1,M2,M3,M4,M5","66,34,33,13,66",73.0
Op_J80_S1,J80,"M1,M2,M3,M4,M5","49,10,99,41,46",63.0
Op_J81_S1,J81,"M1,M2,M3,M4,M5","51,23,52,97,24",87.0
Op_J82_S1,J82,"M1,M2,M3,M4,M5","41,93,84,91,51",26.0
Op_J83_S1,J83,"M1,M2,M3,M4,M5","73,89,35,23,53",91.0
Op_J84_S1,J84,"M1,M2,M3,M4,M5","50,67,24,51,48",94.0
Op_J85_S1,J85,"M1,M2,M3,M4,M5","34,89,93,96,25",28.0
Op_J86_S1,J86,"M1,M2,M3,M4,M5","12,86,44,24,50",49.0
Op_J87_S1,J87,"M1,M2,M3,M4,M5","72,89,91,33,40",4.0
Op_J88_S1,J88,"M1,M2,M3,M4,M5","22,48,31,81,73",43.0
Op_J89_S1,J89,"M1,M2,M3,M4,M5","82,27,33,66,15",67.0
Op_J90_S1,J90,"M1,M2,M3,M4,M5","50,57,84,60,46",39.0
Op_J91_S1,J91,"M1,M2,M3,M4,M5","91,16,72,84,55",26.0
Op_J92_S1,J92,"M1,M2,M3,M4,M5","63,82,31,98,49",79.0
Op_J93_S1,J93,"M1,M2,M3,M4,M5","72,40,25,49,59",54.0
Op_J94_S1,J94,"M1,M2,M3,M4,M5","73,47,34,80,26",30.0
Op_J95_S1,J95,"M1,M2,M3,M4,M5","78,49,96,41,74",18.0
Op_J96_S1,J96,"M1,M2,M3,M4,M5","96,57,88,44,63",47.0
Op_J97_S1,J97,"M1,M2,M3,M4,M5","63,29,24,20,65",68.0
Op_J98_S1,J98,"M1,M2,M3,M4,M5","54,43,18,98,82",10.0
Op_J99_S1,J99,"M1,M2,M3,M4,M5","48,59,72,59,18",83.0
Op_J100_S1,J100,"M1,M2,M3,M4,M5","97,27,35,79,17",66.0
Op_J101_S1,J101,"M1,M2,M3,M4,M5","16,92,63,97,20",4.0
Op_J102_S1,J102,"M1,M2,M3,M4,M5","78,98,72,15,62",70.0
Op_J103_S1,J103,"M1,M2,M3,M4,M5","90,81,79,40,38",49.0
Op_J104_S1,J104,"M1,M2,M3,M4,M5","78,23,58,21,32",78.0
Op_J105_S1,J105,"M1,M2,M3,M4,M5","57,27,54,21,13",88.0
Op_J106_S1,J106,"M1,M2,M3,M4,M5","62,45,89,66,51",10.0
Op_J107_S1,J107,"M1,M2,M3,M4,M5","52,71,80,45,81",42.0
Op_J108_S1,J108,"M1,M2,M3,M4,M5","25,16,46,31,37",58.0
Op_J109_S1,J109,"M1,M2,M3,M4,M5","17,91,93,97,32",1.0
Op_J110_S1,J110,"M1,M2,M3,M4,M5","50,12,53,14,28",25.0
Op_J111_S1,J111,"M1,M2,M3,M4,M5","84,48,51,85,79",49.0
Op_J112_S1,J112,"M1,M2,M3,M4,M5","46,19,32,15,20",65.0
Op_J113_S1,J113,"M1,M2,M3,M4,M5","17,72,82,52,16",19.0
Op_J114_S1,J114,"M1,M2,M3,M4,M5","73,97,12,25,99",49.0
Op_J115_S1,J115,"M1,M2,M3,M4,M5","58,90,52,54,62",27.0
Op_J116_S1,J116,"M1,M2,M3,M4,M5","21,44,18,48,41",64.0
Op_J117_S1,J117,"M1,M2,M3,M4,M5","48,85,60,80,73",10.0
Op_J118_S1,J118,"M1,M2,M3,M4,M5","13,67,14,81,47",34.0
Op_J119_S1,J119,"M1,M2,M3,M4,M5","77,95,70,70,54",87.0
Op_J120_S1,J120,"M1,M2,M3,M4,M5","93,58,33,69,22",99.0
Op_J121_S1,J121,"M1,M2,M3,M4,M5","88,33,83,86,27",72.0
Op_J122_S1,J122,"M1,M2,M3,M4,M5","15,39,25,51,11",21.0
Op_J123_S1,J123,"M1,M2,M3,M4,M5","15,15,19,60,40",80.0
Op_J124_S1,J124,"M1,M2,M3,M4,M5","24,74,25,50,76",87.0
Op_J125_S1,J125,"M1,M2,M3,M4,M5","57,86,94,48,20",13.0
Op_J126_S1,J126,"M1,M2,M3,M4,M5","38,98,13,82,99",78.0
Op_J127_S1,J127,"M1,M2,M3,M4,M5","69,65,69,73,25",72.0
Op_J128_S1,J128,"M1,M2,M3,M4,M5","22,100,15,47,81",5.0
Op_J129_S1,J129,"M1,M2,M3,M4,M5","59,68,62,99,69",79.0
Op_J130_S1,J130,"M1,M2,M3,M4,M5","39,69,96,36,27",56.0
Op_J131_S1,J131,"M1,M2,M3,M4,M5","10,66,29,46,73",100.0
Op_J132_S1,J132,"M1,M2,M3,M4,M5","31,91,45,49,90",76.0
Op_J133_S1,J133,"M1,M2,M3,M4,M5","57,15,56,24,93",65.0
Op_J134_S1,J134,"M1,M2,M3,M4,M5","65,18,64,95,71",72.0
Op_J135_S1,J135,"M1,M2,M3,M4,M5","63,17,20,36,15",46.0
Op_J136_S1,J136,"M1,M2,M3,M4,M5","62,17,58,95,38",29.0
Op_J137_S1,J137,"M1,M2,M3,M4,M5","70,47,49,87,47",17.0
Op_J138_S1,J138,"M1,M2,M3,M4,M5","90,21,14,57,72",97.0
Op_J139_S1,J139,"M1,M2,M3,M4,M5","22,91,27,37,57",81.0
Op_J140_S1,J140,"M1,M2,M3,M4,M5","26,25,77,15,79",91.0
Op_J141_S1,J141,"M1,M2,M3,M4,M5","42,72,48,12,44",59.0
Op_J142_S1,J142,"M1,M2,M3,M4,M5","73,87,92,43,22",10.0
Op_J143_S1,J143,"M1,M2,M3,M4,M5","79,24,25,24,76",58.0
Op_J144_S1,J144,"M1,M2,M3,M4,M5","51,94,63,17,38",44.0
Op_J145_S1,J145,"M1,M2,M3,M4,M5","85,32,59,81,96",76.0
Op_J146_S1,J146,"M1,M2,M3,M4,M5","33,62,100,48,54",4.0
Op_J147_S1,J147,"M1,M2,M3,M4,M5","97,21,65,50,47",8.0
Op_J148_S1,J148,"M1,M2,M3,M4,M5","16,28,66,46,67",3.0
Op_J149_S1,J149,"M1,M2,M3,M4,M5","63,50,18,36,51",97.0
Op_J150_S1,J150,"M1,M2,M3,M4,M5","60,57,31,36,81",29.0
Op_J151_S1,J151,"M1,M2,M3,M4,M5","92,100,78,93,41",97.0
Op_J152_S1,J152,"M1,M2,M3,M4,M5","84,27,32,73,94",27.0
Op_J153_S1,J153,"M1,M2,M3,M4,M5","79,78,64,95,88",29.0
Op_J154_S1,J154,"M1,M2,M3,M4,M5","49,78,54,86,28",71.0
Op_J155_S1,J155,"M1,M2,M3,M4,M5","95,98,37,46,16",43.0
Op_J156_S1,J156,"M1,M2,M3,M4,M5","83,48,91,97,39",50.0
Op_J157_S1,J157,"M1,M2,M3,M4,M5","38,96,59,28,88",81.0
Op_J158_S1,J158,"M1,M2,M3,M4,M5","23,23,34,59,78",40.0
Op_J159_S1,J159,"M1,M2,M3,M4,M5","33,96,61,55,62",61.0
Op_J160_S1,J160,"M1,M2,M3,M4,M5","92,82,38,63,69",56.0
Op_J161_S1,J161,"M1,M2,M3,M4,M5","38,88,29,71,37",80.0
Op_J162_S1,J162,"M1,M2,M3,M4,M5","97,10,66,56,28",2.0
Op_J163_S1,J163,"M1,M2,M3,M4,M5","15,63,39,90,49",61.0
Op_J164_S1,J164,"M1,M2,M3,M4,M5","62,30,77,61,50",29.0
Op_J165_S1,J165,"M1,M2,M3,M4,M5","87,12,82,35,95",15.0
Op_J166_S1,J166,"M1,M2,M3,M4,M5","78,13,56,42,46",99.0
Op_J167_S1,J167,"M1,M2,M3,M4,M5","36,42,59,55,92",94.0
Op_J168_S1,J168,"M1,M2,M3,M4,M5","99,12,63,89,53",80.0
Op_J169_S1,J169,"M1,M2,M3,M4,M5","60,90,74,22,51",22.0
Op_J170_S1,J170,"M1,M2,M3,M4,M5","94,92,81,81,97",27.0
Op_J171_S1,J171,"M1,M2,M3,M4,M5","93,34,89,87,47",79.0
Op_J172_S1,J172,"M1,M2,M3,M4,M5","23,58,57,94,37",19.0
Op_J173_S1,J173,"M1,M2,M3,M4,M5","39,11,47,98,44",94.0
Op_J174_S1,J174,"M1,M2,M3,M4,M5","86,50,77,45,35",6.0
Op_J175_S1,J175,"M1,M2,M3,M4,M5","24,45,26,92,35",46.0
Op_J176_S1,J176,"M1,M2,M3,M4,M5","19,51,53,59,41",83.0
Op_J177_S1,J177,"M1,M2,M3,M4,M5","24,25,51,22,86",80.0
Op_J178_S1,J178,"M1,M2,M3,M4,M5","62,32,65,97,57",54.0
Op_J179_S1,J179,"M1,M2,M3,M4,M5","17,34,40,59,66",44.0
Op_J180_S1,J180,"M1,M2,M3,M4,M5","38,76,41,45,57",40.0
Op_J181_S1,J181,"M1,M2,M3,M4,M5","95,58,45,75,81",19.0
Op_J182_S1,J182,"M1,M2,M3,M4,M5","38,81,19,44,38",57.0
Op_J183_S1,J183,"M1,M2,M3,M4,M5","77,26,16,50,73",30.0
Op_J184_S1,J184,"M1,M2,M3,M4,M5","44,61,97,32,20",76.0
Op_J185_S1,J185,"M1,M2,M3,M4,M5","90,54,44,50,76",54.0
Op_J186_S1,J186,"M1,M2,M3,M4,M5","77,72,52,27,44",19.0
Op_J187_S1,J187,"M1,M2,M3,M4,M5","85,45,56,47,52",33.0
Op_J188_S1,J188,"M1,M2,M3,M4,M5","42,18,93,72,41",93.0
Op_J189_S1,J189,"M1,M2,M3,M4,M5","63,22,66,88,18",38.0
Op_J190_S1,J190,"M1,M2,M3,M4,M5","97,84,55,61,48",78.0
Op_J191_S1,J191,"M1,M2,M3,M4,M5","81,15,62,11,74",57.0
Op_J192_S1,J192,"M1,M2,M3,M4,M5","46,44,19,94,67",59.0
Op_J193_S1,J193,"M1,M2,M3,M4,M5","22,30,60,65,41",62.0
Op_J194_S1,J194,"M1,M2,M3,M4,M5","68,36,28,94,32",76.0
Op_J195_S1,J195,"M1,M2,M3,M4,M5","12,35,51,58,41",65.0
Op_J196_S1,J196,"M1,M2,M3,M4,M5","90,37,42,13,18",36.0
Op_J197_S1,J197,"M1,M2,M3,M4,M5","43,40,62,46,23",92.0
Op_J198_S1,J198,"M1,M2,M3,M4,M5","62,40,18,14,95",45.0
Op_J199_S1,J199,"M1,M2,M3,M4,M5","36,45,93,76,56",17.0
Op_J200_S1,J200,"M1,M2,M3,M4,M5","88,16,40,36,87",59.0
